-- phpMyAdmin SQL Dump
-- version 5.2.0
-- https://www.phpmyadmin.net/
--
-- Host: 127.0.0.1
-- Generation Time: Dec 29, 2024 at 11:32 AM
-- Server version: 10.4.27-MariaDB
-- PHP Version: 8.1.12

SET SQL_MODE = "NO_AUTO_VALUE_ON_ZERO";
START TRANSACTION;
SET time_zone = "+00:00";


/*!40101 SET @OLD_CHARACTER_SET_CLIENT=@@CHARACTER_SET_CLIENT */;
/*!40101 SET @OLD_CHARACTER_SET_RESULTS=@@CHARACTER_SET_RESULTS */;
/*!40101 SET @OLD_COLLATION_CONNECTION=@@COLLATION_CONNECTION */;
/*!40101 SET NAMES utf8mb4 */;

--
-- Database: `karir`
--

-- --------------------------------------------------------

--
-- Table structure for table `daftar_poli`
--

CREATE TABLE `daftar_poli` (
  `id` int(11) NOT NULL,
  `id_pasien` int(11) NOT NULL,
  `id_jadwal` int(11) NOT NULL,
  `keluhan` text NOT NULL,
  `no_antrian` int(11) DEFAULT NULL
) ENGINE=InnoDB DEFAULT CHARSET=utf8mb4 COLLATE=utf8mb4_general_ci;

--
-- Dumping data for table `daftar_poli`
--

INSERT INTO `daftar_poli` (`id`, `id_pasien`, `id_jadwal`, `keluhan`, `no_antrian`) VALUES
(7, 11, 7, 'kepala pusing', 1),
(10, 11, 9, 'lose streak', 1),
(12, 11, 9, 'sinyal ngelag', 2);

-- --------------------------------------------------------

--
-- Table structure for table `detail_periksa`
--

CREATE TABLE `detail_periksa` (
  `id` int(11) NOT NULL,
  `id_periksa` int(11) NOT NULL,
  `id_obat` int(11) NOT NULL
) ENGINE=InnoDB DEFAULT CHARSET=utf8mb4 COLLATE=utf8mb4_general_ci;

--
-- Dumping data for table `detail_periksa`
--

INSERT INTO `detail_periksa` (`id`, `id_periksa`, `id_obat`) VALUES
(1, 4, 3),
(2, 4, 4),
(3, 5, 6),
(4, 6, 6),
(5, 6, 7);

-- --------------------------------------------------------

--
-- Table structure for table `dokter`
--

CREATE TABLE `dokter` (
  `id` int(11) NOT NULL,
  `nama` varchar(150) NOT NULL,
  `alamat` varchar(255) DEFAULT NULL,
  `no_hp` int(10) UNSIGNED DEFAULT NULL,
  `id_poli` int(11) NOT NULL,
  `user_id` int(11) NOT NULL
) ENGINE=InnoDB DEFAULT CHARSET=utf8mb4 COLLATE=utf8mb4_general_ci;

--
-- Dumping data for table `dokter`
--

INSERT INTO `dokter` (`id`, `nama`, `alamat`, `no_hp`, `id_poli`, `user_id`) VALUES
(13, 'Dr. Andikatama', 'Jl. Arjuna', 1231231231, 4, 3),
(14, 'Dr. Budi', 'Jl. Puntadewa', 1234567890, 5, 7);

-- --------------------------------------------------------

--
-- Table structure for table `jadwal_periksa`
--

CREATE TABLE `jadwal_periksa` (
  `id` int(11) NOT NULL,
  `id_dokter` int(11) NOT NULL,
  `hari` varchar(10) NOT NULL,
  `jam_mulai` time NOT NULL,
  `jam_selesai` time NOT NULL
) ENGINE=InnoDB DEFAULT CHARSET=utf8mb4 COLLATE=utf8mb4_general_ci;

--
-- Dumping data for table `jadwal_periksa`
--

INSERT INTO `jadwal_periksa` (`id`, `id_dokter`, `hari`, `jam_mulai`, `jam_selesai`) VALUES
(7, 13, 'Senin', '13:00:00', '14:00:00'),
(8, 13, 'Rabu', '13:00:00', '14:00:00'),
(9, 13, 'Sabtu', '13:00:00', '14:00:00'),
(10, 13, 'Jumat', '14:00:00', '15:00:00');

-- --------------------------------------------------------

--
-- Table structure for table `obat`
--

CREATE TABLE `obat` (
  `id` int(11) NOT NULL,
  `nama_obat` varchar(50) NOT NULL,
  `kemasan` varchar(35) DEFAULT NULL,
  `harga` int(10) UNSIGNED DEFAULT 0
) ENGINE=InnoDB DEFAULT CHARSET=utf8mb4 COLLATE=utf8mb4_general_ci;

--
-- Dumping data for table `obat`
--

INSERT INTO `obat` (`id`, `nama_obat`, `kemasan`, `harga`) VALUES
(3, 'Paracetamol', 'Strip', 10000),
(4, 'Amoxicillin', 'Strip', 20000),
(5, 'Ibuprofen', 'Strip', 15000),
(6, 'Vitamin C 500 mg', 'Botol', 30000),
(7, 'Betadine Antiseptic', 'Botol', 15000),
(8, 'Salep Miconazole', 'Tube', 25000);

-- --------------------------------------------------------

--
-- Table structure for table `pasien`
--

CREATE TABLE `pasien` (
  `id` int(11) NOT NULL,
  `nama` varchar(150) NOT NULL,
  `alamat` varchar(255) NOT NULL,
  `no_ktp` int(10) UNSIGNED DEFAULT NULL,
  `no_hp` int(10) UNSIGNED DEFAULT NULL,
  `no_rm` char(10) DEFAULT NULL,
  `user_id` int(11) NOT NULL
) ENGINE=InnoDB DEFAULT CHARSET=utf8mb4 COLLATE=utf8mb4_general_ci;

--
-- Dumping data for table `pasien`
--

INSERT INTO `pasien` (`id`, `nama`, `alamat`, `no_ktp`, `no_hp`, `no_rm`, `user_id`) VALUES
(10, 'pasien111', 'suatutempat', 987654321, 1234567890, '202412-001', 6),
(11, 'Fazen', 'Jl. Sudirman', 1010101010, 2121212121, '202412-002', 8);

-- --------------------------------------------------------

--
-- Table structure for table `periksa`
--

CREATE TABLE `periksa` (
  `id` int(11) NOT NULL,
  `id_daftar_poli` int(11) NOT NULL,
  `tgl_periksa` date NOT NULL,
  `catatan` text NOT NULL,
  `biaya_periksa` int(11) DEFAULT NULL
) ENGINE=InnoDB DEFAULT CHARSET=utf8mb4 COLLATE=utf8mb4_general_ci;

--
-- Dumping data for table `periksa`
--

INSERT INTO `periksa` (`id`, `id_daftar_poli`, `tgl_periksa`, `catatan`, `biaya_periksa`) VALUES
(4, 7, '2024-12-27', 'jangan begadang', 180000),
(5, 10, '2024-12-27', 'Skill issue', 180000),
(6, 12, '2024-12-28', 'ganti provider', 220000);

-- --------------------------------------------------------

--
-- Table structure for table `poli`
--

CREATE TABLE `poli` (
  `id` int(11) NOT NULL,
  `nama_poli` varchar(25) NOT NULL,
  `keterangan` text DEFAULT NULL
) ENGINE=InnoDB DEFAULT CHARSET=utf8mb4 COLLATE=utf8mb4_general_ci;

--
-- Dumping data for table `poli`
--

INSERT INTO `poli` (`id`, `nama_poli`, `keterangan`) VALUES
(4, 'Poli umum', 'penyakit umum'),
(5, 'Poli dalam', 'penyakit dalam'),
(6, 'Poli gigi', 'penyakit gigi');

-- --------------------------------------------------------

--
-- Table structure for table `users`
--

CREATE TABLE `users` (
  `id` int(11) NOT NULL,
  `username` varchar(50) NOT NULL,
  `password` varchar(255) NOT NULL,
  `role` enum('patient','doctor','admin') NOT NULL
) ENGINE=InnoDB DEFAULT CHARSET=utf8mb4 COLLATE=utf8mb4_general_ci;

--
-- Dumping data for table `users`
--

INSERT INTO `users` (`id`, `username`, `password`, `role`) VALUES
(1, 'admin123', '$2y$10$AvsLiloOdpdJPn2jFOK.welDzdoluK0zl3jb5n5mL.pxdSM.kf56q', 'admin'),
(3, 'dokter123', '$2y$10$NBu/VLZz56YPJccXrDZEHOYlQqP6eOnegxwJmsbWeMHG.9HoCmhxW', 'doctor'),
(6, 'pasien111', '$2y$10$jVDkGitl7P.GT2N.tiXcwujcB3M7oOYozJn3gS6LSVDeDHMh/.N4G', 'patient'),
(7, 'dokter111', '$2y$10$Erh1CTJ0fLXybReR3PY4KOP.mMm0O94y2BCXsWBJB2PMonyW/mOBC', 'doctor'),
(8, 'pasien123', '$2y$10$q1tNBXFUXuIocdaBrdr3WuPkY3.zwcH0uTMD4uqjvWNFhKO72M1yS', 'patient');

--
-- Indexes for dumped tables
--

--
-- Indexes for table `daftar_poli`
--
ALTER TABLE `daftar_poli`
  ADD PRIMARY KEY (`id`),
  ADD KEY `id_pasien` (`id_pasien`),
  ADD KEY `id_jadwal` (`id_jadwal`);

--
-- Indexes for table `detail_periksa`
--
ALTER TABLE `detail_periksa`
  ADD PRIMARY KEY (`id`),
  ADD KEY `id_periksa` (`id_periksa`),
  ADD KEY `id_obat` (`id_obat`);

--
-- Indexes for table `dokter`
--
ALTER TABLE `dokter`
  ADD PRIMARY KEY (`id`),
  ADD UNIQUE KEY `user_id` (`user_id`),
  ADD KEY `id_poli` (`id_poli`);

--
-- Indexes for table `jadwal_periksa`
--
ALTER TABLE `jadwal_periksa`
  ADD PRIMARY KEY (`id`),
  ADD KEY `id_dokter` (`id_dokter`);

--
-- Indexes for table `obat`
--
ALTER TABLE `obat`
  ADD PRIMARY KEY (`id`);

--
-- Indexes for table `pasien`
--
ALTER TABLE `pasien`
  ADD PRIMARY KEY (`id`),
  ADD UNIQUE KEY `user_id` (`user_id`);

--
-- Indexes for table `periksa`
--
ALTER TABLE `periksa`
  ADD PRIMARY KEY (`id`),
  ADD KEY `id_daftar_poli` (`id_daftar_poli`);

--
-- Indexes for table `poli`
--
ALTER TABLE `poli`
  ADD PRIMARY KEY (`id`);

--
-- Indexes for table `users`
--
ALTER TABLE `users`
  ADD PRIMARY KEY (`id`),
  ADD UNIQUE KEY `username` (`username`);

--
-- AUTO_INCREMENT for dumped tables
--

--
-- AUTO_INCREMENT for table `daftar_poli`
--
ALTER TABLE `daftar_poli`
  MODIFY `id` int(11) NOT NULL AUTO_INCREMENT, AUTO_INCREMENT=13;

--
-- AUTO_INCREMENT for table `detail_periksa`
--
ALTER TABLE `detail_periksa`
  MODIFY `id` int(11) NOT NULL AUTO_INCREMENT, AUTO_INCREMENT=7;

--
-- AUTO_INCREMENT for table `dokter`
--
ALTER TABLE `dokter`
  MODIFY `id` int(11) NOT NULL AUTO_INCREMENT, AUTO_INCREMENT=15;

--
-- AUTO_INCREMENT for table `jadwal_periksa`
--
ALTER TABLE `jadwal_periksa`
  MODIFY `id` int(11) NOT NULL AUTO_INCREMENT, AUTO_INCREMENT=11;

--
-- AUTO_INCREMENT for table `obat`
--
ALTER TABLE `obat`
  MODIFY `id` int(11) NOT NULL AUTO_INCREMENT, AUTO_INCREMENT=9;

--
-- AUTO_INCREMENT for table `pasien`
--
ALTER TABLE `pasien`
  MODIFY `id` int(11) NOT NULL AUTO_INCREMENT, AUTO_INCREMENT=12;

--
-- AUTO_INCREMENT for table `periksa`
--
ALTER TABLE `periksa`
  MODIFY `id` int(11) NOT NULL AUTO_INCREMENT, AUTO_INCREMENT=7;

--
-- AUTO_INCREMENT for table `poli`
--
ALTER TABLE `poli`
  MODIFY `id` int(11) NOT NULL AUTO_INCREMENT, AUTO_INCREMENT=7;

--
-- AUTO_INCREMENT for table `users`
--
ALTER TABLE `users`
  MODIFY `id` int(11) NOT NULL AUTO_INCREMENT, AUTO_INCREMENT=9;

--
-- Constraints for dumped tables
--

--
-- Constraints for table `daftar_poli`
--
ALTER TABLE `daftar_poli`
  ADD CONSTRAINT `daftar_poli_ibfk_1` FOREIGN KEY (`id_pasien`) REFERENCES `pasien` (`id`),
  ADD CONSTRAINT `daftar_poli_ibfk_2` FOREIGN KEY (`id_jadwal`) REFERENCES `jadwal_periksa` (`id`);

--
-- Constraints for table `detail_periksa`
--
ALTER TABLE `detail_periksa`
  ADD CONSTRAINT `detail_periksa_ibfk_1` FOREIGN KEY (`id_periksa`) REFERENCES `periksa` (`id`),
  ADD CONSTRAINT `detail_periksa_ibfk_2` FOREIGN KEY (`id_obat`) REFERENCES `obat` (`id`);

--
-- Constraints for table `dokter`
--
ALTER TABLE `dokter`
  ADD CONSTRAINT `dokter_ibfk_1` FOREIGN KEY (`id_poli`) REFERENCES `poli` (`id`),
  ADD CONSTRAINT `fk_dokter_user` FOREIGN KEY (`user_id`) REFERENCES `users` (`id`) ON DELETE CASCADE;

--
-- Constraints for table `jadwal_periksa`
--
ALTER TABLE `jadwal_periksa`
  ADD CONSTRAINT `jadwal_periksa_ibfk_1` FOREIGN KEY (`id_dokter`) REFERENCES `dokter` (`id`);

--
-- Constraints for table `pasien`
--
ALTER TABLE `pasien`
  ADD CONSTRAINT `fk_pasien_user` FOREIGN KEY (`user_id`) REFERENCES `users` (`id`) ON DELETE CASCADE;

--
-- Constraints for table `periksa`
--
ALTER TABLE `periksa`
  ADD CONSTRAINT `periksa_ibfk_1` FOREIGN KEY (`id_daftar_poli`) REFERENCES `daftar_poli` (`id`);
COMMIT;

/*!40101 SET CHARACTER_SET_CLIENT=@OLD_CHARACTER_SET_CLIENT */;
/*!40101 SET CHARACTER_SET_RESULTS=@OLD_CHARACTER_SET_RESULTS */;
/*!40101 SET COLLATION_CONNECTION=@OLD_COLLATION_CONNECTION */;
